H4,W,H4,L2,L2,L4
S,L1,L4,S,H5,L2
L4,L1,L1,L5,S,L3
L1,S,S,L5,L4,L5
H4,H5,L3,L1,H5,L4
L5,L4,H4,H1,L4,L1
L3,H1,L2,H1,H1,L2
H5,L4,L1,H4,S,L3
H5,H2,H4,H3,L3,L1
S,W,H4,S,L2,L4
L1,L5,W,L1,L1,L3
L2,L1,S,L5,S,H1
L3,S,L1,W,L1,L2
H2,H1,L5,S,H4,H5
L1,L1,L3,L3,W,L5
H2,L1,L5,L5,L3,L3
S,H5,L1,L3,S,H5
H5,L4,L2,S,L3,W
L5,L2,H3,H3,H4,H5
L5,H5,H1,L4,L2,H3
L2,S,S,L5,H2,H3
L1,L2,H5,S,S,L1
H2,W,L5,L2,L2,W
S,L3,H1,L1,L3,L3
L1,H3,L5,L4,L5,L2
H5,H2,L5,H5,L3,H5
L5,L5,L5,H5,S,L3
H1,H5,H3,S,L3,L5
L3,L1,S,L4,L4,L4
S,S,H3,H3,L2,L3
L4,L3,H1,L2,W,L2
L4,H3,L2,S,S,L2
L4,L2,L3,L3,H5,H4
L1,L5,W,L2,L5,L4
L5,L3,L4,L4,L4,L4
L2,L3,L3,L5,S,H4
S,L4,L5,S,H2,L2
H4,L5,S,L5,H3,L1
L2,S,L4,L4,L4,L3
L1,L1,L3,L5,H4,L2
L1,L5,L3,L4,L4,L1
W,H4,H1,H2,S,L1
L3,H5,L4,S,L1,H5
S,L5,L4,L1,L1,L2
H2,L5,L1,L1,L3,W
L5,W,H3,L2,L4,L5
H1,S,H3,S,S,L4
L1,L2,S,L5,H3,H5
L1,L3,L3,L1,H3,W
L2,L2,L3,L4,L4,L4
L5,L4,L4,L4,H2,L1
S,W,H2,S,S,W
L3,H1,W,L2,L3,L5
L2,H4,H5,H1,L5,L4
H4,L1,H4,L3,H4,H3
H2,S,H5,L5,S,L2
L2,H5,S,H1,W,L4
L3,L2,H5,S,H2,L2
S,H4,H4,H4,L3,H4
H3,L4,L5,H4,L4,L4
W,H4,L5,H5,L4,L3
L2,L4,H3,S,S,L5
L4,L1,H5,L1,L2,W
L2,S,S,H1,L5,L3
L2,L3,L4,H5,L3,L1
H4,L2,H1,H4,H5,L3
S,H2,L4,S,H1,L1
L2,L2,L1,L4,S,L5
H2,L2,L2,L3,H4,L1
H4,H3,L5,L1,L3,L2
L1,H1,L5,L5,L1,L2
L4,L1,H5,S,S,L5
S,S,S,L2,L2,L3
W,L5,L5,H3,H2,L1
H2,L4,H3,L5,L1,L4
L3,L2,L4,H4,L2,L3
H4,L2,L1,S,S,H4
L5,H5,L4,H3,H5,L2
L1,H5,L1,L3,H4,H5
S,L4,H5,L2,H3,L2
L4,S,S,L2,H1,W
L5,H5,L1,S,S,L5
H1,L3,L3,L4,L4,H5
L5,L2,L5,L5,H5,L4
L3,L3,L2,L2,L1,H4
L4,L1,L1,L5,L2,H4
S,L3,L4,S,S,L4
L3,L5,L1,L1,L1,L5
L4,L2,S,H4,L3,H1
L3,S,L2,L3,W,L1
L1,H4,L3,H3,H3,L4
H2,L4,H1,S,S,L5
H4,L1,L4,L3,L4,L2
S,H1,L4,L3,L1,L2
L5,L1,L4,L4,L2,L5
L5,L3,H2,L3,L1,H5
L3,H5,H4,S,S,H3
L2,L3,H4,L3,L5,H4
L5,H4,S,L3,W,L5
H4,S,L2,H5,L4,L1
S,L1,L3,L5,H5,L1
H5,H4,L4,S,H5,H4
L3,H2,H5,L4,H4,L3
W,L3,L4,L3,H4,L4
H1,L1,H5,L1,H3,L3
H3,S,H4,L5,S,L1
S,H5,H5,S,L5,H1
H3,H5,H5,H4,L4,L4
H5,L4,H5,L3,L5,L3
H4,L2,S,L4,H5,L2
W,L4,L5,H5,S,L2
L5,W,L3,S,L3,L4
L3,L2,L1,H5,L2,L5
L4,H5,L5,W,W,L1
H5,L3,L3,H5,S,H3
S,S,H5,H4,L3,L5
L2,L5,H5,S,L1,H1
L3,H5,H3,H4,H5,L5
H3,H4,H3,L3,H5,L4
H4,H1,S,L4,S,L5
H2,L4,L1,L3,L1,L1
S,H5,L5,S,H4,L5
L2,L2,H2,H2,L5,H4
L3,S,H3,H4,S,H5
L2,H4,H5,L3,L2,L3
L1,L4,S,H4,L1,L3
W,L4,L2,S,H4,L4
L4,L4,L4,H4,S,H5
S,L1,L2,H5,L5,L5
L5,H5,L4,H5,H5,L5
L3,H5,L5,L4,H4,L4
L3,L2,H4,H5,H5,L4
H5,S,S,S,S,L3
H3,L5,L1,H2,L3,L1
L5,L5,L3,L3,L5,L5
W,H3,L2,L2,L1,L4
S,H3,L2,S,S,H2
H5,L3,L2,L1,W,L2
H3,H4,L2,H5,L1,L5
H3,H4,L1,H4,H5,L2
H5,S,S,H1,L2,L5
H5,H5,L4,H4,S,L5
H5,L5,L5,S,L2,H4
S,L3,L3,H5,L2,L2
L1,L5,L3,L2,L2,L5
W,L3,L1,H1,L4,H3
L2,L5,L1,S,S,L3
L5,L3,L5,L2,L1,L5
L4,L4,H4,H1,H3,L5
S,H2,S,L1,L1,W
H4,S,H4,L1,L3,L5
L2,L3,L2,S,S,H4
H5,L3,L5,L4,L4,L3
L2,L3,L4,L1,L1,H1
L1,L5,L3,L5,L3,H4
L2,L1,L2,L5,L4,L3
H2,L5,L3,S,S,L2
S,L3,S,H2,W,W
L5,S,H5,H2,L5,L5
L4,L1,H1,L4,L1,L5
L1,L4,H5,L2,H5,H1
L2,L3,L3,S,H1,H3
L5,L1,L3,L3,H3,L1
S,L3,L4,L1,H1,L3
L5,L5,L5,L4,H5,L1
W,L5,L5,L1,H2,L2
L3,S,S,S,H1,L5
W,L2,L5,L3,S,H2
W,L3,L2,L3,L1,L5
L5,H1,L3,L1,H4,L3
L5,H3,L1,L3,L2,H1
S,L1,L4,S,S,H2
L2,H5,L3,L1,L4,L1
H5,L4,L3,L2,L5,H3
L2,H4,S,H1,L4,H2
L3,S,W,H5,H5,L3
W,L5,L5,H2,S,L4
H5,L2,L2,H3,H1,L4
S,L5,L3,S,L4,H3
H2,L3,L3,L3,H4,L4
L1,H5,L1,L5,S,L1
L1,L3,L5,L5,L3,L3
L5,L5,L2,W,L1,H2
L5,H5,S,W,L3,L3
L5,S,H5,S,S,H3
S,H2,L5,H4,H1,H4
L4,H4,L1,H4,H3,H1
H4,L4,H3,L4,L4,L1
L4,L3,H2,S,S,H3
H5,L3,L4,H5,L1,H1
H3,L3,L4,L1,H5,L5
L4,S,H3,L3,L3,L4
S,H4,S,S,S,L5
H2,H5,L5,H4,H5,H1
H3,W,L2,H4,L2,L4
L4,L5,L4,L1,L4,L1
W,L3,H1,S,S,L2
L4,H2,H4,H4,L3,H2
L4,L2,L1,L4,L3,H3
H2,W,L5,L1,L5,L5
S,S,S,L5,L4,L5
H1,L5,L5,S,S,L3
L3,L1,L5,L1,H5,L3
H1,L5,L2,H4,H5,L2
H4,H1,L4,L5,L5,L5
L2,L5,L5,H5,L4,L1
S,L1,L4,S,S,L1
L2,L1,H3,L2,L5,H3
L4,H4,H3,H4,L4,L2
H2,S,S,L1,L2,L5
L4,H3,H4,L3,L1,L5
L1,L3,L5,S,H5,W
L2,L4,L4,L5,S,L3
S,H3,L5,L4,H3,L1
H3,L2,H4,L2,L5,L4
L5,L5,L4,L4,L3,H5
L4,L2,L5,S,H4,L3
L5,L5,S,H4,S,L3
L5,S,L1,L5,L5,L5
H5,L5,L4,H5,L3,L2
H4,L4,W,H2,H4,L3
S,L4,L2,S,S,L4
H1,L4,H2,L2,L5,L2
L3,H3,L1,L5,L2,L1
L4,L5,L4,H5,L4,L4
L5,L2,H4,L5,L1,L4
H2,S,S,S,H3,L4
S,L1,H2,L2,S,H2
L2,L2,L4,L4,H2,L5
W,L5,L5,L2,L2,L5
L2,L5,H2,L3,L3,L5
H4,L2,L4,H1,H1,L5
L4,L1,L5,S,S,L2
L1,L1,H5,L3,L2,H5
H3,W,H3,L4,L5,L3
S,S,S,L5,H4,H4
L3,L2,L4,S,H5,L4
L5,H3,L3,H3,S,L5
L4,H4,L1,L5,H5,L5
L3,H4,L2,L5,H3,H5
